video,frame_name,phoneme,equal_partition_evaluation
bbaf2n,001_B_bin.png,B,0
bbaf2n,002_IH_bin.png,IH,0
bbaf2n,003_N_bin.png,N,1
bbaf2n,004_B_blue.png,B,1
bbaf2n,005_L_blue.png,L,0
bbaf2n,006_UW_blue.png,UW,1
bbaf2n,007_AE_at.png,AE,1
bbaf2n,008_T_at.png,T,1
bbaf2n,009_EH_f.png,EH,1
bbaf2n,010_F_f.png,F,1
bbaf2n,011_T_two.png,T,0
bbaf2n,012_UW_two.png,UW,1
bbaf2n,013_N_now.png,N,0
bbaf2n,014_AW_now.png,AW,1
bbal8p,001_B_bin.png,B,1
bbal8p,002_IH_bin.png,IH,1
bbal8p,003_N_bin.png,N,0
bbal8p,004_B_blue.png,B,1
bbal8p,005_L_blue.png,L,1
bbal8p,006_UW_blue.png,UW,1
bbal8p,007_AE_at.png,AE,0
bbal8p,008_T_at.png,T,0
bbal8p,009_EH_l.png,EH,1
bbal8p,010_L_l.png,L,1
bbal8p,011_EY_eight.png,EY,1
bbal8p,012_T_eight.png,T,0
bbal8p,013_P_please.png,P,1
bbal8p,014_L_please.png,L,1
bbal8p,015_IY_please.png,IY,1
bbal8p,016_Z_please.png,Z,1
bbbs5s,001_B_bin.png,B,1
bbbs5s,002_IH_bin.png,IH,0
bbbs5s,003_N_bin.png,N,1
bbbs5s,004_B_blue.png,B,1
bbbs5s,005_L_blue.png,L,1
bbbs5s,006_UW_blue.png,UW,1
bbbs5s,007_B_by.png,B,1
bbbs5s,008_AY_by.png,AY,1
bbbs5s,009_EH_s.png,EH,1
bbbs5s,010_S_s.png,S,1
bbbs5s,011_F_five.png,F,1
bbbs5s,012_AY_five.png,AY,1
bbbs5s,013_V_five.png,V,1
bbbs5s,014_S_soon.png,S,1
bbbs5s,015_UW_soon.png,UW,1
bbbs5s,016_N_soon.png,N,1
bbbs7a,001_B_bin.png,B,0
bbbs7a,002_IH_bin.png,IH,1
bbbs7a,003_N_bin.png,N,0
bbbs7a,004_B_blue.png,B,1
bbbs7a,005_L_blue.png,L,1
bbbs7a,006_UW_blue.png,UW,1
bbbs7a,007_B_by.png,B,1
bbbs7a,008_AY_by.png,AY,1
bbbs7a,009_EH_s.png,EH,1
bbbs7a,010_S_s.png,S,1
bbbs7a,011_S_seven.png,S,1
bbbs7a,012_EH_seven.png,EH,1
bbbs7a,013_V_seven.png,V,1
bbbs7a,014_AH_seven.png,AH,0
bbbs7a,015_N_seven.png,N,1
bbbs7a,016_AH_again.png,AH,1
bbbs7a,017_G_again.png,G,1
bbbs7a,018_EH_again.png,EH,1
bbbs7a,019_N_again.png,N,1
bbie8n,001_B_bin.png,B,0
bbie8n,002_IH_bin.png,IH,0
bbie8n,003_N_bin.png,N,0
bbie8n,004_B_blue.png,B,1
bbie8n,005_L_blue.png,L,0
bbie8n,006_UW_blue.png,UW,1
bbie8n,007_IH_in.png,IH,1
bbie8n,008_N_in.png,N,1
bbie8n,009_IY_e.png,IY,1
bbie8n,010_EY_eight.png,EY,1
bbie8n,011_T_eight.png,T,1
bbie8n,012_N_now.png,N,1
bbie8n,013_AW_now.png,AW,0
bbif1a,001_B_bin.png,B,0
bbif1a,002_IH_bin.png,IH,0
bbif1a,003_N_bin.png,N,1
bbif1a,004_B_blue.png,B,0
bbif1a,005_L_blue.png,L,1
bbif1a,006_UW_blue.png,UW,1
bbif1a,007_IH_in.png,IH,1
bbif1a,008_N_in.png,N,0
bbif1a,009_EH_f.png,EH,0
bbif1a,010_F_f.png,F,1
bbif1a,011_W_one.png,W,1
bbif1a,012_AH_one.png,AH,0
bbif1a,013_N_one.png,N,1
bbif1a,014_AH_again.png,AH,0
bbif1a,015_G_again.png,G,1
bbif1a,016_EH_again.png,EH,1
bbif1a,017_N_again.png,N,1
bgbu5a,001_B_bin.png,B,0
bgbu5a,002_IH_bin.png,IH,1
bgbu5a,003_N_bin.png,N,0
bgbu5a,004_G_green.png,G,1
bgbu5a,005_R_green.png,R,1
bgbu5a,006_IY_green.png,IY,1
bgbu5a,007_N_green.png,N,0
bgbu5a,008_B_by.png,B,1
bgbu5a,009_AY_by.png,AY,1
bgbu5a,010_Y_u.png,Y,1
bgbu5a,011_UW_u.png,UW,1
bgbu5a,012_F_five.png,F,1
bgbu5a,013_AY_five.png,AY,1
bgbu5a,014_V_five.png,V,1
bgbu5a,015_AH_again.png,AH,0
bgbu5a,016_G_again.png,G,0
bgbu5a,017_EH_again.png,EH,1
bgbu5a,018_N_again.png,N,1
bgig6n,001_B_bin.png,B,1
bgig6n,002_IH_bin.png,IH,1
bgig6n,003_N_bin.png,N,1
bgig6n,004_G_green.png,G,1
bgig6n,005_R_green.png,R,1
bgig6n,006_IY_green.png,IY,0
bgig6n,007_N_green.png,N,1
bgig6n,008_IH_in.png,IH,0
bgig6n,009_N_in.png,N,1
bgig6n,010_JH_g.png,JH,1
bgig6n,011_Y_g.png,Y,0
bgig6n,012_S_six.png,S,1
bgig6n,013_IH_six.png,IH,1
bgig6n,014_K_six.png,K,0
bgig6n,015_S_six.png,S,1
bgig6n,016_N_now.png,N,1
bgig6n,017_AW_now.png,AW,1
bgig7s,001_B_bin.png,B,0
bgig7s,002_IH_bin.png,IH,1
bgig7s,003_N_bin.png,N,1
bgig7s,004_G_green.png,G,1
bgig7s,005_R_green.png,R,1
bgig7s,006_IY_green.png,IY,1
bgig7s,007_N_green.png,N,1
bgig7s,008_IH_in.png,IH,1
bgig7s,009_N_in.png,N,1
bgig7s,010_JH_g.png,JH,1
bgig7s,011_IY_g.png,IY,1
bgig7s,012_S_seven.png,S,1
bgig7s,013_EH_seven.png,EH,1
bgig7s,014_V_seven.png,V,1
bgig7s,015_AH_seven.png,AH,1
bgig7s,016_N_seven.png,N,1
bgig7s,017_S_soon.png,S,1
bgig7s,018_UW_soon.png,UW,1
bgig7s,019_N_soon.png,N,1
bgit6p,001_B_bin.png,B,1
bgit6p,002_IH_bin.png,IH,1
bgit6p,003_N_bin.png,N,1
bgit6p,004_G_green.png,G,1
bgit6p,005_R_green.png,R,1
bgit6p,006_IY_green.png,IY,1
bgit6p,007_N_green.png,N,1
bgit6p,008_IH_in.png,IH,1
bgit6p,009_N_in.png,N,1
bgit6p,010_T_t.png,T,1
bgit6p,011_IY_t.png,IY,0
bgit6p,012_S_six.png,S,1
bgit6p,013_IH_six.png,IH,1
bgit6p,014_K_six.png,K,1
bgit6p,015_S_six.png,S,0
bgit6p,016_P_please.png,P,0
bgit6p,017_L_please.png,L,1
bgit6p,018_IY_please.png,IY,1
bgit6p,019_Z_please.png,Z,1
bgwo2n,001_B_bin.png,B,1
bgwo2n,002_IH_bin.png,IH,1
bgwo2n,003_N_bin.png,N,1
bgwo2n,004_G_green.png,G,1
bgwo2n,005_R_green.png,R,1
bgwo2n,006_IY_green.png,IY,1
bgwo2n,007_N_green.png,N,0
bgwo2n,008_W_with.png,W,0
bgwo2n,009_IH_with.png,IH,1
bgwo2n,010_DH_with.png,DH,1
bgwo2n,011_OW_o.png,OW,1
bgwo2n,012_T_two.png,T,0
bgwo2n,013_UW_two.png,UW,1
bgwo2n,014_N_now.png,N,1
bgwo2n,015_AW_now.png,AW,0
brbm8p,001_B_bin.png,B,1
brbm8p,002_IH_bin.png,IH,1
brbm8p,003_N_bin.png,N,1
brbm8p,004_R_red.png,R,1
brbm8p,005_EH_red.png,EH,1
brbm8p,006_D_red.png,D,0
brbm8p,007_B_by.png,B,1
brbm8p,008_AY_by.png,AY,1
brbm8p,009_EH_m.png,EH,1
brbm8p,010_M_m.png,M,1
brbm8p,011_EY_eight.png,EY,0
brbm8p,012_T_eight.png,T,0
brbm8p,013_P_please.png,P,1
brbm8p,014_L_please.png,L,1
brbm8p,015_IY_please.png,IY,1
brbm8p,016_Z_please.png,Z,1
bris5a,001_B_bin.png,B,0
bris5a,002_IH_bin.png,IH,1
bris5a,003_N_bin.png,N,1
bris5a,004_R_red.png,R,1
bris5a,005_EH_red.png,EH,1
bris5a,006_D_red.png,D,1
bris5a,007_IH_in.png,IH,1
bris5a,008_N_in.png,N,0
bris5a,009_EH_s.png,EH,1
bris5a,010_S_s.png,S,1
bris5a,011_F_five.png,F,0
bris5a,012_AY_five.png,AY,1
bris5a,013_V_five.png,V,1
bris5a,014_AH_again.png,AH,1
bris5a,015_G_again.png,G,1
bris5a,016_EH_again.png,EH,0
bris5a,017_N_again.png,N,1
briz9a,001_B_bin.png,B,1
briz9a,002_IH_bin.png,IH,1
briz9a,003_N_bin.png,N,1
briz9a,004_R_red.png,R,1
briz9a,005_EH_red.png,EH,1
briz9a,006_D_red.png,D,0
briz9a,007_IH_in.png,IH,1
briz9a,008_N_in.png,N,0
briz9a,009_IY_z.png,IY,1
briz9a,010_IY_z.png,IY,0
briz9a,011_N_nine.png,N,1
briz9a,012_AY_nine.png,AY,1
briz9a,013_N_nine.png,N,1
briz9a,014_AH_again.png,AH,0
briz9a,015_G_again.png,G,1
briz9a,016_EH_again.png,EH,0
briz9a,017_N_again.png,N,1
bwbhzp,001_B_bin.png,B,1
bwbhzp,002_IH_bin.png,IH,1
bwbhzp,003_N_bin.png,N,1
bwbhzp,004_W_white.png,W,1
bwbhzp,005_AY_white.png,AY,1
bwbhzp,006_T_white.png,T,1
bwbhzp,007_B_by.png,B,1
bwbhzp,008_AY_by.png,AY,1
bwbhzp,009_EY_h.png,EY,1
bwbhzp,010_CH_h.png,CH,1
bwbhzp,011_Z_zero.png,Z,1
bwbhzp,012_IH_zero.png,IH,1
bwbhzp,013_R_zero.png,R,1
bwbhzp,014_OW_zero.png,OW,1
bwbhzp,015_P_please.png,P,1
bwbhzp,016_L_please.png,L,1
bwbhzp,017_IY_please.png,IY,1
bwbhzp,018_Z_please.png,Z,1
bwis8n,001_B_bin.png,B,0
bwis8n,002_IH_bin.png,IH,1
bwis8n,003_N_bin.png,N,1
bwis8n,004_W_white.png,W,1
bwis8n,005_AY_white.png,AY,1
bwis8n,006_T_white.png,T,1
bwis8n,007_IH_in.png,IH,1
bwis8n,008_N_in.png,N,0
bwis8n,009_EH_s.png,EH,1
bwis8n,010_S_s.png,S,1
bwis8n,011_EY_eight.png,EY,1
bwis8n,012_T_eight.png,T,1
bwis8n,013_N_now.png,N,1
bwis8n,014_AW_now.png,AW,0
bwitzp,001_B_bin.png,B,0
bwitzp,002_IH_bin.png,IH,1
bwitzp,003_N_bin.png,N,0
bwitzp,004_W_white.png,W,1
bwitzp,005_AY_white.png,AY,1
bwitzp,006_T_white.png,T,1
bwitzp,007_IH_in.png,IH,1
bwitzp,008_N_in.png,N,1
bwitzp,009_T_t.png,T,1
bwitzp,010_IY_t.png,IY,1
bwitzp,011_Z_zero.png,Z,0
bwitzp,012_IH_zero.png,IH,1
bwitzp,013_R_zero.png,R,1
bwitzp,014_OW_zero.png,OW,1
bwitzp,015_P_please.png,P,1
bwitzp,016_L_please.png,L,1
bwitzp,017_IY_please.png,IY,1
bwitzp,018_Z_please.png,Z,1
bwwa9s,001_B_bin.png,B,1
bwwa9s,002_IH_bin.png,IH,1
bwwa9s,003_N_bin.png,N,0
bwwa9s,004_W_white.png,W,1
bwwa9s,005_AY_white.png,AY,1
bwwa9s,006_T_white.png,T,1
bwwa9s,007_W_with.png,W,1
bwwa9s,008_IH_with.png,IH,0
bwwa9s,009_DH_with.png,DH,1
bwwa9s,010_AH_a.png,AH,1
bwwa9s,011_N_nine.png,N,1
bwwa9s,012_AY_nine.png,AY,1
bwwa9s,013_N_nine.png,N,0
bwwa9s,014_S_soon.png,S,1
bwwa9s,015_UW_soon.png,UW,1
bwwa9s,016_N_soon.png,N,1
bwwh2n,001_B_bin.png,B,1
bwwh2n,002_IH_bin.png,IH,1
bwwh2n,003_N_bin.png,N,0
bwwh2n,004_W_white.png,W,0
bwwh2n,005_AY_white.png,AY,1
bwwh2n,006_T_white.png,T,1
bwwh2n,007_W_with.png,W,1
bwwh2n,008_IH_with.png,IH,0
bwwh2n,009_DH_with.png,DH,0
bwwh2n,010_EY_h.png,EY,1
bwwh2n,011_CH_h.png,CH,1
bwwh2n,012_T_two.png,T,1
bwwh2n,013_UW_two.png,UW,0
bwwh2n,014_N_now.png,N,0
bwwh2n,015_AW_now.png,AW,1
bwwu3a,001_B_bin.png,B,1
bwwu3a,002_IH_bin.png,IH,1
bwwu3a,003_N_bin.png,N,1
bwwu3a,004_W_white.png,W,1
bwwu3a,005_AY_white.png,AY,1
bwwu3a,006_T_white.png,T,1
bwwu3a,007_W_with.png,W,1
bwwu3a,008_IH_with.png,IH,1
bwwu3a,009_DH_with.png,DH,1
bwwu3a,010_Y_u.png,Y,1
bwwu3a,011_UW_u.png,UW,1
bwwu3a,012_TH_three.png,TH,1
bwwu3a,013_R_three.png,R,1
bwwu3a,014_IY_three.png,IY,1
bwwu3a,015_AH_again.png,AH,0
bwwu3a,016_G_again.png,G,1
bwwu3a,017_EH_again.png,EH,1
bwwu3a,018_N_again.png,N,1
lbaq6p,001_L_lay.png,L,1
lbaq6p,002_EY_lay.png,EY,1
lbaq6p,003_B_blue.png,B,1
lbaq6p,004_L_blue.png,L,1
lbaq6p,005_UW_blue.png,UW,1
lbaq6p,006_AE_at.png,AE,1
lbaq6p,007_T_at.png,T,0
lbaq6p,008_K_q.png,K,1
lbaq6p,009_Y_q.png,Y,1
lbaq6p,010_UW_q.png,UW,1
lbaq6p,011_S_six.png,S,1
lbaq6p,012_IH_six.png,IH,1
lbaq6p,013_K_six.png,K,1
lbaq6p,014_S_six.png,S,0
lbaq6p,015_P_please.png,P,1
lbaq6p,016_L_please.png,L,1
lbaq6p,017_IY_please.png,IY,1
lbaq6p,018_Z_please.png,Z,0
lbiq2p,001_L_lay.png,L,1
lbiq2p,002_EY_lay.png,EY,1
lbiq2p,003_B_blue.png,B,1
lbiq2p,004_L_blue.png,L,0
lbiq2p,005_UW_blue.png,UW,1
lbiq2p,006_IH_in.png,IH,1
lbiq2p,007_N_in.png,N,1
lbiq2p,008_K_q.png,K,1
lbiq2p,009_Y_q.png,Y,0
lbiq2p,010_UW_q.png,UW,1
lbiq2p,011_T_two.png,T,1
lbiq2p,012_UW_two.png,UW,1
lbiq2p,013_P_please.png,P,1
lbiq2p,014_L_please.png,L,0
lbiq2p,015_IY_please.png,IY,1
lbiq2p,016_Z_please.png,Z,1
lbix4n,001_L_lay.png,L,1
lbix4n,002_EY_lay.png,EY,1
lbix4n,003_B_blue.png,B,1
lbix4n,004_L_blue.png,L,0
lbix4n,005_UW_blue.png,UW,1
lbix4n,006_IH_in.png,IH,1
lbix4n,007_N_in.png,N,1
lbix4n,008_EH_x.png,EH,1
lbix4n,009_K_x.png,K,1
lbix4n,010_S_x.png,S,1
lbix4n,011_F_four.png,F,1
lbix4n,012_AO_four.png,AO,1
lbix4n,013_R_four.png,R,0
lbix4n,014_N_now.png,N,0
lbix4n,015_AW_now.png,AW,0
lgiz2n,001_L_lay.png,L,1
lgiz2n,002_EY_lay.png,EY,1
lgiz2n,003_G_green.png,G,0
lgiz2n,004_R_green.png,R,1
lgiz2n,005_IY_green.png,IY,1
lgiz2n,006_N_green.png,N,1
lgiz2n,007_IH_in.png,IH,1
lgiz2n,008_N_in.png,N,1
lgiz2n,009_Z_z.png,Z,1
lgiz2n,010_IY_z.png,IY,0
lgiz2n,011_T_two.png,T,1
lgiz2n,012_UW_two.png,UW,1
lgiz2n,013_N_now.png,N,0
lgiz2n,014_AW_now.png,AW,0
lgwa1a,001_L_lay.png,L,1
lgwa1a,002_EY_lay.png,EY,1
lgwa1a,003_G_green.png,G,1
lgwa1a,004_R_green.png,R,1
lgwa1a,005_IY_green.png,IY,1
lgwa1a,006_N_green.png,N,0
lgwa1a,007_W_with.png,W,1
lgwa1a,008_IH_with.png,IH,1
lgwa1a,009_DH_with.png,DH,0
lgwa1a,010_AH_a.png,AH,1
lgwa1a,011_W_one.png,W,1
lgwa1a,012_AH_one.png,AH,1
lgwa1a,013_N_one.png,N,1
lgwa1a,014_AH_again.png,AH,1
lgwa1a,015_G_again.png,G,0
lgwa1a,016_EH_again.png,EH,1
lgwa1a,017_N_again.png,N,1
lrbr7a,001_L_lay.png,L,0
lrbr7a,002_EY_lay.png,EY,1
lrbr7a,003_R_red.png,R,1
lrbr7a,004_EH_red.png,EH,1
lrbr7a,005_D_red.png,D,1
lrbr7a,006_B_by.png,B,1
lrbr7a,007_AY_by.png,AY,1
lrbr7a,008_AA_r.png,AA,1
lrbr7a,009_R_r.png,R,1
lrbr7a,010_S_seven.png,S,1
lrbr7a,011_EH_seven.png,EH,1
lrbr7a,012_V_seven.png,V,1
lrbr7a,013_AH_seven.png,AH,1
lrbr7a,014_N_seven.png,N,1
lrbr7a,015_AH_again.png,AH,0
lrbr7a,016_G_again.png,G,1
lrbr7a,017_EH_again.png,EH,1
lrbr7a,018_N_again.png,N,1
lwafzp,001_L_lay.png,L,1
lwafzp,002_EY_lay.png,EY,1
lwafzp,003_W_white.png,W,1
lwafzp,004_AY_white.png,AY,1
lwafzp,005_T_white.png,T,1
lwafzp,006_AE_at.png,AE,0
lwafzp,007_T_at.png,T,1
lwafzp,008_EH_f.png,EH,1
lwafzp,009_F_f.png,F,0
lwafzp,010_Z_zero.png,Z,1
lwafzp,011_IH_zero.png,IH,1
lwafzp,012_R_zero.png,R,1
lwafzp,013_OW_zero.png,OW,1
lwafzp,014_P_please.png,P,1
lwafzp,015_L_please.png,L,1
lwafzp,016_IY_please.png,IY,1
lwafzp,017_Z_please.png,Z,0
lwal4p,001_L_lay.png,L,1
lwal4p,002_EY_lay.png,EY,0
lwal4p,003_W_white.png,W,1
lwal4p,004_AY_white.png,AY,1
lwal4p,005_T_white.png,T,1
lwal4p,006_AE_at.png,AE,1
lwal4p,007_T_at.png,T,0
lwal4p,008_EH_l.png,EH,1
lwal4p,009_L_l.png,L,0
lwal4p,010_F_four.png,F,1
lwal4p,011_AO_four.png,AO,1
lwal4p,012_R_four.png,R,0
lwal4p,013_P_please.png,P,1
lwal4p,014_L_please.png,L,1
lwal4p,015_IY_please.png,IY,1
lwal4p,016_Z_please.png,Z,1
lwie5s,001_L_lay.png,L,1
lwie5s,002_EY_lay.png,EY,1
lwie5s,003_W_white.png,W,1
lwie5s,004_AY_white.png,AY,1
lwie5s,005_T_white.png,T,1
lwie5s,006_IH_in.png,IH,1
lwie5s,007_N_in.png,N,0
lwie5s,008_IY_e.png,IY,1
lwie5s,009_F_five.png,F,1
lwie5s,010_AY_five.png,AY,1
lwie5s,011_V_five.png,V,1
lwie5s,012_S_soon.png,S,1
lwie5s,013_UW_soon.png,UW,1
lwie5s,014_N_soon.png,N,1
pbbv7s,001_P_place.png,P,0
pbbv7s,002_L_place.png,L,1
pbbv7s,003_EY_place.png,EY,1
pbbv7s,004_S_place.png,S,1
pbbv7s,005_B_blue.png,B,1
pbbv7s,006_L_blue.png,L,1
pbbv7s,007_UW_blue.png,UW,1
pbbv7s,008_B_by.png,B,1
pbbv7s,009_AY_by.png,AY,1
pbbv7s,010_V_v.png,V,1
pbbv7s,011_IY_v.png,IY,1
pbbv7s,012_S_seven.png,S,1
pbbv7s,013_EH_seven.png,EH,1
pbbv7s,014_V_seven.png,V,1
pbbv7s,015_AH_seven.png,AH,1
pbbv7s,016_N_seven.png,N,0
pbbv7s,017_S_soon.png,S,0
pbbv7s,018_UW_soon.png,UW,1
pbbv7s,019_N_soon.png,N,1
pgak4p,001_P_place.png,P,1
pgak4p,002_L_place.png,L,1
pgak4p,003_EY_place.png,EY,1
pgak4p,004_S_place.png,S,0
pgak4p,005_G_green.png,G,1
pgak4p,006_R_green.png,R,0
pgak4p,007_IY_green.png,IY,1
pgak4p,008_N_green.png,N,0
pgak4p,009_AE_at.png,AE,1
pgak4p,010_T_at.png,T,0
pgak4p,011_K_k.png,K,1
pgak4p,012_EY_k.png,EY,1
pgak4p,013_F_four.png,F,1
pgak4p,014_AO_four.png,AO,1
pgak4p,015_R_four.png,R,0
pgak4p,016_P_please.png,P,1
pgak4p,017_L_please.png,L,1
pgak4p,018_IY_please.png,IY,1
pgak4p,019_Z_please.png,Z,1
pgbk8p,001_P_place.png,P,0
pgbk8p,002_L_place.png,L,1
pgbk8p,003_EY_place.png,EY,1
pgbk8p,004_S_place.png,S,0
pgbk8p,005_G_green.png,G,1
pgbk8p,006_R_green.png,R,1
pgbk8p,007_IY_green.png,IY,0
pgbk8p,008_N_green.png,N,1
pgbk8p,009_B_by.png,B,0
pgbk8p,010_AY_by.png,AY,1
pgbk8p,011_K_k.png,K,1
pgbk8p,012_EY_k.png,EY,1
pgbk8p,013_EY_eight.png,EY,1
pgbk8p,014_T_eight.png,T,0
pgbk8p,015_P_please.png,P,0
pgbk8p,016_L_please.png,L,1
pgbk8p,017_IY_please.png,IY,1
pgbk8p,018_Z_please.png,Z,1
pgwe9a,001_P_place.png,P,1
pgwe9a,002_L_place.png,L,1
pgwe9a,003_EY_place.png,EY,1
pgwe9a,004_S_place.png,S,1
pgwe9a,005_G_green.png,G,1
pgwe9a,006_R_green.png,R,0
pgwe9a,007_IY_green.png,IY,1
pgwe9a,008_N_green.png,N,1
pgwe9a,009_W_with.png,W,1
pgwe9a,010_IH_with.png,IH,0
pgwe9a,011_DH_with.png,DH,1
pgwe9a,012_IY_e.png,IY,1
pgwe9a,013_N_nine.png,N,1
pgwe9a,014_AY_nine.png,AY,1
pgwe9a,015_N_nine.png,N,1
pgwe9a,016_AH_again.png,AH,1
pgwe9a,017_G_again.png,G,1
pgwe9a,018_EH_again.png,EH,0
pgwe9a,019_N_again.png,N,1
pgwl1s,001_P_place.png,P,1
pgwl1s,002_L_place.png,L,1
pgwl1s,003_EY_place.png,EY,1
pgwl1s,004_S_place.png,S,1
pgwl1s,005_G_green.png,G,1
pgwl1s,006_R_green.png,R,1
pgwl1s,007_IY_green.png,IY,1
pgwl1s,008_N_green.png,N,0
pgwl1s,009_W_with.png,W,1
pgwl1s,010_IH_with.png,IH,1
pgwl1s,011_DH_with.png,DH,0
pgwl1s,012_EH_l.png,EH,1
pgwl1s,013_L_l.png,L,1
pgwl1s,014_W_one.png,W,1
pgwl1s,015_AH_one.png,AH,1
pgwl1s,016_N_one.png,N,0
pgwl1s,017_S_soon.png,S,1
pgwl1s,018_UW_soon.png,UW,1
pgwl1s,019_N_soon.png,N,1
prac6n,001_P_place.png,P,0
prac6n,002_L_place.png,L,1
prac6n,003_EY_place.png,EY,1
prac6n,004_S_place.png,S,1
prac6n,005_R_red.png,R,1
prac6n,006_EH_red.png,EH,1
prac6n,007_D_red.png,D,1
prac6n,008_AE_at.png,AE,1
prac6n,009_T_at.png,T,0
prac6n,010_S_s.png,S,1
prac6n,011_IY_c.png,IY,1
prac6n,012_S_six.png,S,1
prac6n,013_IH_six.png,IH,0
prac6n,014_K_six.png,K,1
prac6n,015_S_six.png,S,1
prac6n,016_N_now.png,N,0
prac6n,017_AW_now.png,AW,1
prii8p,001_P_place.png,P,1
prii8p,002_L_place.png,L,1
prii8p,003_EY_place.png,EY,1
prii8p,004_S_place.png,S,1
prii8p,005_R_red.png,R,1
prii8p,006_EH_red.png,EH,1
prii8p,007_D_red.png,D,0
prii8p,008_IH_in.png,IH,1
prii8p,009_N_in.png,N,0
prii8p,010_AY_i.png,AY,1
prii8p,011_EY_eight.png,EY,1
prii8p,012_T_eight.png,T,1
prii8p,013_P_please.png,P,1
prii8p,014_L_please.png,L,0
prii8p,015_IY_please.png,IY,1
prii8p,016_Z_please.png,Z,1
prwd5s,001_P_place.png,P,0
prwd5s,002_L_place.png,L,0
prwd5s,003_EY_place.png,EY,1
prwd5s,004_S_place.png,S,1
prwd5s,005_R_red.png,R,1
prwd5s,006_EH_red.png,EH,1
prwd5s,007_D_red.png,D,0
prwd5s,008_W_with.png,W,1
prwd5s,009_IH_with.png,IH,1
prwd5s,010_DH_with.png,DH,1
prwd5s,011_IY_d.png,IY,1
prwd5s,012_IY_d.png,IY,1
prwd5s,013_F_five.png,F,1
prwd5s,014_AY_five.png,AY,1
prwd5s,015_V_five.png,V,1
prwd5s,016_S_soon.png,S,0
prwd5s,017_UW_soon.png,UW,1
prwd5s,018_N_soon.png,N,1
pwax4n,001_P_place.png,P,1
pwax4n,002_L_place.png,L,1
pwax4n,003_EY_place.png,EY,1
pwax4n,004_S_place.png,S,1
pwax4n,005_W_white.png,W,0
pwax4n,006_AY_white.png,AY,1
pwax4n,007_T_white.png,T,1
pwax4n,008_AE_at.png,AE,0
pwax4n,009_T_at.png,T,0
pwax4n,010_EH_x.png,EH,1
pwax4n,011_K_x.png,K,1
pwax4n,012_S_x.png,S,1
pwax4n,013_F_four.png,F,1
pwax4n,014_AO_four.png,AO,1
pwax4n,015_R_four.png,R,1
pwax4n,016_N_now.png,N,0
pwax4n,017_AW_now.png,AW,0
pwid1a,001_P_place.png,P,1
pwid1a,002_L_place.png,L,1
pwid1a,003_EY_place.png,EY,1
pwid1a,004_S_place.png,S,1
pwid1a,005_W_white.png,W,1
pwid1a,006_AY_white.png,AY,1
pwid1a,007_T_white.png,T,1
pwid1a,008_IH_in.png,IH,1
pwid1a,009_N_in.png,N,1
pwid1a,010_D_d.png,D,0
pwid1a,011_IY_d.png,IY,1
pwid1a,012_W_one.png,W,1
pwid1a,013_AH_one.png,AH,0
pwid1a,014_N_one.png,N,1
pwid1a,015_AH_again.png,AH,1
pwid1a,016_G_again.png,G,1
pwid1a,017_EH_again.png,EH,1
pwid1a,018_N_again.png,N,0
pwij4p,001_P_place.png,P,1
pwij4p,002_L_place.png,L,1
pwij4p,003_EY_place.png,EY,1
pwij4p,004_S_place.png,S,0
pwij4p,005_W_white.png,W,1
pwij4p,006_AY_white.png,AY,1
pwij4p,007_T_white.png,T,1
pwij4p,008_IH_in.png,IH,1
pwij4p,009_N_in.png,N,0
pwij4p,010_JH_j.png,JH,1
pwij4p,011_EY_j.png,EY,1
pwij4p,012_F_four.png,F,1
pwij4p,013_AO_four.png,AO,0
pwij4p,014_R_four.png,R,1
pwij4p,015_P_please.png,P,1
pwij4p,016_L_please.png,L,1
pwij4p,017_IY_please.png,IY,1
pwij4p,018_Z_please.png,Z,0
pwwk5s,001_P_place.png,P,1
pwwk5s,002_L_place.png,L,1
pwwk5s,003_EY_place.png,EY,1
pwwk5s,004_S_place.png,S,0
pwwk5s,005_W_white.png,W,0
pwwk5s,006_AY_white.png,AY,1
pwwk5s,007_T_white.png,T,1
pwwk5s,008_W_with.png,W,0
pwwk5s,009_IH_with.png,IH,1
pwwk5s,010_DH_with.png,DH,1
pwwk5s,011_K_k.png,K,1
pwwk5s,012_EY_k.png,EY,1
pwwk5s,013_F_five.png,F,1
pwwk5s,014_AY_five.png,AY,1
pwwk5s,015_V_five.png,V,1
pwwk5s,016_S_soon.png,S,1
pwwk5s,017_UW_soon.png,UW,1
pwwk5s,018_N_soon.png,N,0
sban4p,001_S_set.png,S,1
sban4p,002_EH_set.png,EH,1
sban4p,003_T_set.png,T,0
sban4p,004_B_blue.png,B,1
sban4p,005_L_blue.png,L,0
sban4p,006_UW_blue.png,UW,1
sban4p,007_AE_at.png,AE,1
sban4p,008_T_at.png,T,0
sban4p,009_EH_n.png,EH,1
sban4p,010_N_n.png,N,1
sban4p,011_F_four.png,F,1
sban4p,012_AO_four.png,AO,1
sban4p,013_R_four.png,R,1
sban4p,014_P_please.png,P,1
sban4p,015_L_please.png,L,1
sban4p,016_IY_please.png,IY,1
sban4p,017_Z_please.png,Z,1
sbat8p,001_S_set.png,S,0
sbat8p,002_EH_set.png,EH,1
sbat8p,003_T_set.png,T,1
sbat8p,004_B_blue.png,B,1
sbat8p,005_L_blue.png,L,1
sbat8p,006_UW_blue.png,UW,1
sbat8p,007_AE_at.png,AE,1
sbat8p,008_T_at.png,T,1
sbat8p,009_IY_t.png,IY,1
sbat8p,010_IY_t.png,IY,1
sbat8p,011_EY_eight.png,EY,1
sbat8p,012_T_eight.png,T,1
sbat8p,013_P_please.png,P,1
sbat8p,014_L_please.png,L,1
sbat8p,015_IY_please.png,IY,1
sbat8p,016_Z_please.png,Z,1
sbat9a,001_S_set.png,S,1
sbat9a,002_EH_set.png,EH,1
sbat9a,003_T_set.png,T,0
sbat9a,004_B_blue.png,B,1
sbat9a,005_L_blue.png,L,1
sbat9a,006_UW_blue.png,UW,1
sbat9a,007_AE_at.png,AE,1
sbat9a,008_T_at.png,T,1
sbat9a,009_IY_t.png,IY,1
sbat9a,010_IY_t.png,IY,1
sbat9a,011_N_nine.png,N,1
sbat9a,012_AY_nine.png,AY,1
sbat9a,013_N_nine.png,N,0
sbat9a,014_AH_again.png,AH,0
sbat9a,015_G_again.png,G,1
sbat9a,016_EH_again.png,EH,1
sbat9a,017_N_again.png,N,1
sbia2p,001_S_set.png,S,0
sbia2p,002_EH_set.png,EH,0
sbia2p,003_T_set.png,T,0
sbia2p,004_B_blue.png,B,0
sbia2p,005_L_blue.png,L,1
sbia2p,006_UW_blue.png,UW,1
sbia2p,007_IH_in.png,IH,1
sbia2p,008_N_in.png,N,0
sbia2p,009_AH_a.png,AH,0
sbia2p,010_T_two.png,T,1
sbia2p,011_UW_two.png,UW,1
sbia2p,012_P_please.png,P,0
sbia2p,013_L_please.png,L,1
sbia2p,014_IY_please.png,IY,0
sbia2p,015_Z_please.png,Z,1
sbig5s,001_S_set.png,S,1
sbig5s,002_EH_set.png,EH,1
sbig5s,003_T_set.png,T,0
sbig5s,004_B_blue.png,B,1
sbig5s,005_L_blue.png,L,1
sbig5s,006_UW_blue.png,UW,1
sbig5s,007_IH_in.png,IH,1
sbig5s,008_N_in.png,N,0
sbig5s,009_JH_g.png,JH,1
sbig5s,010_IY_g.png,IY,1
sbig5s,011_F_five.png,F,1
sbig5s,012_AY_five.png,AY,1
sbig5s,013_V_five.png,V,1
sbig5s,014_S_soon.png,S,1
sbig5s,015_UW_soon.png,UW,1
sbig5s,016_N_soon.png,N,1
sgbc7s,001_S_set.png,S,1
sgbc7s,002_EH_set.png,EH,0
sgbc7s,003_T_set.png,T,0
sgbc7s,004_G_green.png,G,1
sgbc7s,005_R_green.png,R,1
sgbc7s,006_IY_green.png,IY,1
sgbc7s,007_N_green.png,N,0
sgbc7s,008_B_by.png,B,1
sgbc7s,009_AY_by.png,AY,1
sgbc7s,010_S_c.png,S,1
sgbc7s,011_IY_c.png,IY,1
sgbc7s,012_S_seven.png,S,0
sgbc7s,013_EH_seven.png,EH,1
sgbc7s,014_V_seven.png,V,0
sgbc7s,015_AH_seven.png,AH,0
sgbc7s,016_N_seven.png,N,1
sgbc7s,017_S_soon.png,S,1
sgbc7s,018_UW_soon.png,UW,1
sgbc7s,019_N_soon.png,N,1
sgbj1s,001_S_set.png,S,1
sgbj1s,002_EH_set.png,EH,1
sgbj1s,003_T_set.png,T,0
sgbj1s,004_G_green.png,G,1
sgbj1s,005_R_green.png,R,1
sgbj1s,006_IY_green.png,IY,1
sgbj1s,007_N_green.png,N,0
sgbj1s,008_B_by.png,B,1
sgbj1s,009_AY_by.png,AY,1
sgbj1s,010_JH_j.png,JH,1
sgbj1s,011_EY_j.png,EY,1
sgbj1s,012_W_one.png,W,1
sgbj1s,013_AH_one.png,AH,0
sgbj1s,014_N_one.png,N,1
sgbj1s,015_S_soon.png,S,1
sgbj1s,016_UW_soon.png,UW,1
sgbj1s,017_N_soon.png,N,0
srbb6p,001_S_set.png,S,1
srbb6p,002_EH_set.png,EH,1
srbb6p,003_T_set.png,T,0
srbb6p,004_R_red.png,R,1
srbb6p,005_EH_red.png,EH,1
srbb6p,006_D_red.png,D,0
srbb6p,007_B_by.png,B,1
srbb6p,008_AY_by.png,AY,1
srbb6p,009_B_b.png,B,1
srbb6p,010_IY_b.png,IY,1
srbb6p,011_S_six.png,S,1
srbb6p,012_IH_six.png,IH,1
srbb6p,013_K_six.png,K,1
srbb6p,014_S_six.png,S,0
srbb6p,015_P_please.png,P,0
srbb6p,016_L_please.png,L,1
srbb6p,017_IY_please.png,IY,1
srbb6p,018_Z_please.png,Z,1
srin5s,001_S_set.png,S,1
srin5s,002_EH_set.png,EH,1
srin5s,003_T_set.png,T,0
srin5s,004_R_red.png,R,1
srin5s,005_EH_red.png,EH,0
srin5s,006_D_red.png,D,0
srin5s,007_IH_in.png,IH,1
srin5s,008_N_in.png,N,1
srin5s,009_EH_n.png,EH,1
srin5s,010_N_n.png,N,0
srin5s,011_F_five.png,F,1
srin5s,012_AY_five.png,AY,1
srin5s,013_V_five.png,V,0
srin5s,014_S_soon.png,S,1
srin5s,015_UW_soon.png,UW,1
srin5s,016_N_soon.png,N,0
swiu4n,001_S_set.png,S,0
swiu4n,002_EH_set.png,EH,1
swiu4n,003_T_set.png,T,0
swiu4n,004_W_white.png,W,1
swiu4n,005_AY_white.png,AY,1
swiu4n,006_T_white.png,T,0
swiu4n,007_IH_in.png,IH,0
swiu4n,008_N_in.png,N,1
swiu4n,009_Y_u.png,Y,1
swiu4n,010_UW_u.png,UW,1
swiu4n,011_F_four.png,F,1
swiu4n,012_AO_four.png,AO,0
swiu4n,013_R_four.png,R,0
swiu4n,014_N_now.png,N,0
swiu4n,015_AW_now.png,AW,0
